group_id,run,rel_id,subject_doc,subject,relation_type,object_doc,object,subject_evidence,object_evidence,subject_evidence_match,object_evidence_match,certainty,judge_1,judge_2,judge_3,rel_label,decided_by
g01,1,g01-1-01,OS-페이지-캐시-저널링,저널링,contrasts_with,DB-WAL,WAL,"DB의 WAL처럼, OS는 **저널링**이라는 것으로 이런 문제를 해결한다.",Write Ahead Logging 이다.,일치,일치,0.85,유형 틀림,유형 틀림,유형 틀림,유형 틀림,vote
g01,1,g01-1-02,Machine Learning (Part 2) — Linear Classification  373d0523765981afb875e203d5805437,Hinge Loss,part_of,Lecture 5-1 Linear Classifiers & SVM 334d0523765981c9ac86f4558ba59d03,Soft-Margin SVM,Zero-one loss의 문제를 해결하기 위해 **hinge loss**를 사용한다:,Soft-margin의 제약 조건을 penalty term으로 변환하면 **unconstrained optimization** 문제가 돼.,일치,일치,0.75,맞음,맞음,맞음,맞음,vote
g01,1,g01-1-03,Machine Learning (Part 2) — Linear Classification  373d0523765981afb875e203d5805437,Perceptron,is_a,Lecture 5-1 Linear Classifiers & SVM 334d0523765981c9ac86f4558ba59d03,Linear Classification,Linear binary classifier를 신경생물학에서 영감을 받아 구현한 것이 **Perceptron**이다 (1957년 제안).,Feature들의 **선형 결합(linear combination)** 으로 class label을 결정해.,일치,일치,0.85,맞음,맞음,맞음,맞음,vote
g01,1,g01-1-04,Machine Learning (Part 2) — Linear Classification  373d0523765981afb875e203d5805437,Spam filter,example_of,Lecture 5-1 Linear Classifiers & SVM 334d0523765981c9ac86f4558ba59d03,Classification,Spam filter는 classification의 대표 예시다.,Classification은 데이터에 label을 붙이는 작업이야.,일치,일치,0.85,맞음,맞음,맞음,맞음,vote
g01,1,g01-1-05,Machine Learning (Part 2) — Linear Classification  373d0523765981afb875e203d5805437,Digit Recognition,example_of,Lecture 5-1 Linear Classifiers & SVM 334d0523765981c9ac86f4558ba59d03,Classification,Handwritten digit recognition은 이미지를 입력으로 받아 0~9 사이의 숫자를 출력하는 문제다.,Classification은 데이터에 label을 붙이는 작업이야.,일치,일치,0.7,맞음,맞음,맞음,맞음,vote
g01,1,g01-1-06,Lecture 5-1 Linear Classifiers & SVM 334d0523765981c9ac86f4558ba59d03,Stochastic Gradient Descent (SGD),contrasts_with,Machine Learning (Part 2) — Linear Classification  373d0523765981afb875e203d5805437,Gradient descent,GD보다 빠르지만 noisy하고 수렴이 불안정해.,Training loss는 모든 학습 데이터에 대한 loss의 평균이다:,일치,일치,0.6,근거 불일치,근거 불일치,맞음,근거 불일치,vote
g01,2,g01-2-01,OS-페이지-캐시-저널링,저널링,contrasts_with,DB-WAL,WAL,"DB의 WAL과 비슷한 예시인데, 만약 저 블록 비트맵 갱신 전에 정전이 난다면 어떻게 될까?","**Data Page를 디스크에 쓰기 전**에, 그리고 **커밋을 확정하기 전**에 반드시 **로그를 디스크에 먼저 저장**한다.",일치,일치,0.8,유형 틀림,유형 틀림,유형 틀림,유형 틀림,vote
g01,2,g01-2-02,Machine Learning (Part 2) — Linear Classification  373d0523765981afb875e203d5805437,Hinge Loss,used_for,Lecture 5-1 Linear Classifiers & SVM 334d0523765981c9ac86f4558ba59d03,Soft-Margin SVM,Zero-one loss의 문제를 해결하기 위해 **hinge loss**를 사용한다:,Hinge loss를 도입함으로써 **제약 조건을 objective function 안의 penalty term**으로 통합시켜 SGD 등으로 직접 최적화할 수 있게 돼!,일치,일치,0.75,맞음,맞음,맞음,맞음,vote
g01,2,g01-2-03,Lecture 5-1 Linear Classifiers & SVM 334d0523765981c9ac86f4558ba59d03,Logistic Regression,contrasts_with,Machine Learning (Part 2) — Linear Classification  373d0523765981afb875e203d5805437,Perceptron,**Perceptron 대비 장점**:,Perceptron에서 step function 대신 sigmoid를 activation function으로 사용하면 logistic regression이 된다:,일치,일치,0.8,맞음,맞음,맞음,맞음,vote
g01,2,g01-2-04,Machine Learning (Part 2) — Linear Classification  373d0523765981afb875e203d5805437,sigmoid function,used_for,Lecture 5-1 Linear Classifiers & SVM 334d0523765981c9ac86f4558ba59d03,Logistic Regression,이 역할을 **sigmoid function**이 담당한다:,Linear model의 출력을 **sigmoid function**을 통해 0~1 사이의 **확률값**으로 변환해.,일치,일치,0.85,맞음,맞음,맞음,맞음,vote
g01,2,g01-2-05,Machine Learning (Part 2) — Linear Classification  373d0523765981afb875e203d5805437,Binary Cross-Entropy (BCE) Loss,used_for,Lecture 5-1 Linear Classifiers & SVM 334d0523765981c9ac86f4558ba59d03,Logistic Regression,이를 최소화 문제로 바꾸면 **Binary Cross-Entropy (BCE) Loss**가 된다:,**Loss function (Cross Entropy Loss)**:,일치,일치,0.8,맞음,맞음,맞음,맞음,vote
g02,1,g02-1-01,Lecture 5 Markov Decision Processes (MDPs) 33ad0523765981d9ba57df6b422be6ca,Value Iteration,example_of,Dynamic Programming (동적 계획법) 34ad0523765981219055c6574023e2df,Dynamic Programming,"**해결 아이디어**: depth-limited computation을 하되, 결과를 캐싱해 점진적으로 깊이를 늘린다.","Dynamic Programming(DP)는 **작은 부분 문제들의 해답을 체계적으로 기록하고, 그 최적을 조합하는 알고리즘 설계 기법**이야.",일치,일치,0.5,없는 관계,맞음,없는 관계,없는 관계,vote
g02,1,g02-1-02,OS-가상메모리,가상 메모리,used_for,Ch 7 Memory Management 350d0523765981fdac8fee61e5b47ab4,Protection,"또한, 저 **변환을 통해서 각 프로세스의 물리 주소를 다 다르게 할 수 있기 때문**에 프로세스 메모리 격리에도 사용할 수 있는 것이다.",각 프로세스는 다른 프로세스의 **의도치 않은 또는 악의적인 접근**으로부터 보호받아야 한다.,일치,일치,0.7,맞음,맞음,맞음,맞음,vote
g02,1,g02-1-03,OS-가상메모리,MMU,used_for,Ch 7 Memory Management 350d0523765981fdac8fee61e5b47ab4,Dynamic relocation,"어떤 프로세스가 메모리 x번지에 접근하려 하면, 이 **논리 주소를 물리 주소로 변환한 다음에 접근**한다. 이때, 변환해주는 장치를 MMU(Memory Management Unit)이라고 한다.",**Dynamic relocation**: 프로그램이 실행되는 **런타임**에 주소 변환 수행 (더 유연함),일치,일치,0.5,맞음,맞음,맞음,맞음,vote
g02,2,g02-2-01,Ch 7 Memory Management 350d0523765981fdac8fee61e5b47ab4,Paging,causes,OS-가상메모리,내부 단편화,**Internal fragmentation은 약간 존재** (마지막 page가 frame을 다 채우지 못할 수 있음),내부 단편화 문제가 발생할 수 있다는 점이다.,일치,일치,0.85,맞음,맞음,맞음,맞음,vote
g02,2,g02-2-02,OS-가상메모리,Segmentation,causes,Ch 7 Memory Management 350d0523765981fdac8fee61e5b47ab4,External fragmentation,하지만 내부 단편화를 잡기 위해 외부 단편화가 발생할 수도 있다는 단점 또한 존재한다.,프로세스들이 로드/언로드를 반복하면서 메모리 사이사이에 **작은 빈 공간들이 흩어지게(fragmentation)** 된다.,일치,일치,0.8,근거 불일치,맞음,맞음,맞음,vote
g02,2,g02-2-03,OS-가상메모리,Page Table,part_of,Ch 7 Memory Management 350d0523765981fdac8fee61e5b47ab4,Paging,Page Table: 각 프로세스의 가상 주소와 실제 물리 주소를 매핑하는 테이블,"Paging은 프로세스를 동일한 크기의 **page**로 나누고, main memory를 동일한 크기의 **frame**으로 나눈 뒤, page를 임의의(연속적이지 않아도 되는) frame에 올리는 방식이다.",일치,일치,0.8,맞음,맞음,맞음,맞음,vote
g02,2,g02-2-04,OS-가상메모리,MMU,used_for,Ch 7 Memory Management 350d0523765981fdac8fee61e5b47ab4,Relocation,"이때, 변환해주는 장치를 MMU(Memory Management Unit)이라고 한다.",기술적 핵심 과제: 프로그램 코드 내의 메모리 참조를 현재 프로세스가 실제로 올라와 있는 물리 메모리 주소로 어떻게 변환할 것인가?,일치,일치,0.6,근거 불일치,근거 불일치,맞음,근거 불일치,vote
g02,2,g02-2-05,Lecture 5 Markov Decision Processes (MDPs) 33ad0523765981d9ba57df6b422be6ca,Value Iteration,example_of,Dynamic Programming (동적 계획법) 34ad0523765981219055c6574023e2df,Dynamic Programming,"**해결 아이디어**: depth-limited computation을 하되, 결과를 캐싱해 점진적으로 깊이를 늘린다.","Dynamic Programming(DP)는 **작은 부분 문제들의 해답을 체계적으로 기록하고, 그 최적을 조합하는 알고리즘 설계 기법**이야.",일치,일치,0.5,없는 관계,없는 관계,없는 관계,없는 관계,vote
g03,1,g03-1-01,Ch 9 Uniprocessor Scheduling 365d05237659811aad6ad7ecd2f6647d,Preemptive,causes,OS-스케쥴링,Context Switching의 오버헤드,**단점:** context switching overhead 증가,같은 것들 때문에 Context Switching은 무료가 아니다.,일치,일치,0.75,맞음,맞음,맞음,맞음,vote
g03,1,g03-1-02,Ch 9 Uniprocessor Scheduling 365d05237659811aad6ad7ecd2f6647d,Traditional UNIX Scheduling,example_of,OS-스케쥴링,다단계 피드백 큐 스케줄링,UNIX는 **multilevel feedback + RR** 방식을 사용해.,다단계 큐 스케줄링에 프로세스가 큐 사이의 이동을 할 수 있게 만든 것이다.,일치,일치,0.7,맞음,맞음,맞음,맞음,vote
g03,1,g03-1-03,Branch and Bound (분기 한정법) 373d0523765981f1bf2ff0eddfd1c779,Branch and Bound,contrasts_with,"Search (Part 2) — Heuristics, Informed Search, A , 343d0523765981acb47dd4ef68ed4bb8",A* Search,"B&B는 주로 최적화 문제에서, A*는 경로 탐색 문제에서 부르는 이름이며 원리는 같다.",**A* Search**는 UCS의 정확성과 Greedy의 효율성을 **동시에** 잡는 알고리즘이야.,일치,일치,0.7,유형 틀림,근거 불일치,유형 틀림,유형 틀림,vote
g03,1,g03-1-04,Branch and Bound (분기 한정법) 373d0523765981f1bf2ff0eddfd1c779,LP 완화,example_of,"Search (Part 2) — Heuristics, Informed Search, A , 343d0523765981acb47dd4ef68ed4bb8",relaxed problem,"정수 제약 $x \in {0, 1}$을 연속 제약 $0 \leq x \leq 1$로 약화하여, Integer Programming(IP) 문제를 Linear Programming(LP) 문제로 변환하는 기법이다.","Admissible heuristic을 만드는 가장 좋은 방법은 **""조건을 완화한 문제(relaxed problem)""**를 푸는 것이야.",일치,일치,0.65,맞음,맞음,맞음,맞음,vote
g03,2,g03-2-01,Ch 9 Uniprocessor Scheduling 365d05237659811aad6ad7ecd2f6647d,Round Robin,requires,OS-스케쥴링,타임 슬라이싱,FCFS의 단점(짧은 process에게 불리)을 보완하기 위해 **clock 기반 preemption(time slicing)**을 도입한 방식이야.,하나의 프로세스/스레드가 CPU를 쓸 수 있도록 하는 시간 조각,일치,일치,0.85,맞음,맞음,맞음,맞음,vote
g03,2,g03-2-02,Ch 9 Uniprocessor Scheduling 365d05237659811aad6ad7ecd2f6647d,SRT,is_a,OS-스케쥴링,선점형 알고리즘,SPN의 **preemptive 버전**이야.,선점형 알고리즘: 하나의 프로세스/스레드가 실행 중이더라도 다른 프로세스/스레드가 그 자원을 뺏어올 수 있는 알고리즘,일치,일치,0.85,맞음,맞음,맞음,맞음,vote
g03,2,g03-2-03,Ch 9 Uniprocessor Scheduling 365d05237659811aad6ad7ecd2f6647d,SPN,is_a,OS-스케쥴링,비선점형 알고리즘,Ready queue에서 **예상 실행 시간(s)이 가장 짧은 process**를 먼저 선택하는 **nonpreemptive** 방식이야.,비선점형 알고리즘: 하나의 프로세스/스레드가 끝날 때까지 CPU를 점유하는 알고리즘,일치,일치,0.85,맞음,맞음,맞음,맞음,vote
g03,2,g03-2-04,Ch 9 Uniprocessor Scheduling 365d05237659811aad6ad7ecd2f6647d,HRRN,is_a,OS-스케쥴링,비선점형 알고리즘,**Response ratio**가 가장 높은 process를 선택하는 nonpreemptive 방식이야.,비선점형 알고리즘: 하나의 프로세스/스레드가 끝날 때까지 CPU를 점유하는 알고리즘,일치,일치,0.85,맞음,맞음,맞음,맞음,vote
g03,2,g03-2-05,Ch 9 Uniprocessor Scheduling 365d05237659811aad6ad7ecd2f6647d,Preemptive,causes,OS-스케쥴링,Context Switching의 오버헤드,**단점:** context switching overhead 증가,같은 것들 때문에 Context Switching은 무료가 아니다.,일치,일치,0.75,맞음,맞음,맞음,맞음,vote
g03,2,g03-2-06,Ch 9 Uniprocessor Scheduling 365d05237659811aad6ad7ecd2f6647d,Traditional UNIX Scheduling,example_of,OS-스케쥴링,다단계 피드백 큐 스케줄링,UNIX는 **multilevel feedback + RR** 방식을 사용해.,다단계 큐 스케줄링에 프로세스가 큐 사이의 이동을 할 수 있게 만든 것이다.,일치,일치,0.6,맞음,맞음,맞음,맞음,vote
g03,2,g03-2-07,Ch 9 Uniprocessor Scheduling 365d05237659811aad6ad7ecd2f6647d,Short-Term Scheduling,requires,OS-스케쥴링,준비 큐,"Short-term scheduler는 **dispatcher**라고도 불리며, 실제로 **어떤 ready process를 다음에 실행할지** 결정하는 단계야.",준비 큐: CPU 작업을 기다리는 프로세스 queue,일치,일치,0.6,맞음,맞음,맞음,맞음,vote
g03,2,g03-2-08,Branch and Bound (분기 한정법) 373d0523765981f1bf2ff0eddfd1c779,Branch and Bound,contrasts_with,"Search (Part 2) — Heuristics, Informed Search, A , 343d0523765981acb47dd4ef68ed4bb8",A* Search,"B&B는 주로 최적화 문제에서, A*는 경로 탐색 문제에서 부르는 이름이며 원리는 같다.",**A* Search**는 UCS의 정확성과 Greedy의 효율성을 **동시에** 잡는 알고리즘이야.,일치,일치,0.7,유형 틀림,유형 틀림,유형 틀림,유형 틀림,vote
g03,2,g03-2-09,"Search (Part 2) — Heuristics, Informed Search, A , 343d0523765981acb47dd4ef68ed4bb8",Relaxed Problem,used_for,Branch and Bound (분기 한정법) 373d0523765981f1bf2ff0eddfd1c779,Bounding Function,"Admissible heuristic을 만드는 가장 좋은 방법은 **""조건을 완화한 문제(relaxed problem)""**를 푸는 것이야.",한정 함수는 각 노드에서 하위 트리의 최적해를 **낙관적으로 추정**하는 함수다.,일치,일치,0.6,맞음,맞음,맞음,맞음,vote
g03,2,g03-2-10,Branch and Bound (분기 한정법) 373d0523765981f1bf2ff0eddfd1c779,LP 완화,example_of,"Search (Part 2) — Heuristics, Informed Search, A , 343d0523765981acb47dd4ef68ed4bb8",Relaxed Problem,"정수 제약 $x \in {0, 1}$을 연속 제약 $0 \leq x \leq 1$로 약화하여, Integer Programming(IP) 문제를 Linear Programming(LP) 문제로 변환하는 기법이다.",원래 문제에서 일부 제약을 없애면 → 실제 비용보다 낮은 비용으로 풀 수 있음,일치,일치,0.65,맞음,맞음,맞음,맞음,vote
g04,1,g04-1-01,DB-Isolation,Dirty Read,example_of,OS-Deadlock-Race-Condition,Race Condition,"어떻게보면, 이 글의 내용은 **DB 버전의 race condition**을 다룬다.","**둘 이상의 프로세스 / 스레드**가 **공유 자원에 동시에 접근**하려고 경쟁해서, 실행 순서에 따라 결과가 예상치 않게 달라지는 버그나 상황",일치,일치,0.6,유형 틀림,맞음,,,
g04,1,g04-1-02,OS-Deadlock-Race-Condition,Mutex,used_for,Ch 4 Threads 334d0523765981c084b6fc7db3f35264,Race Condition,이런 식으로 Race condition을 해결할 수 있지만 여전히 단점은 남아있다.,이게 동기화가 안 되면 발생하는 **Race Condition** 문제지.,일치,일치,0.8,맞음,맞음,,맞음,vote
g04,1,g04-1-03,OS-유저-레벨-스레드-커널-레벨-스레드,GIL,is_a,OS-Deadlock-Race-Condition,Mutex,그래서 GIL은 **한 순간에 한 스레드만 바이트코드를 실행하도록 강제**함으로써 refcount의 race condition을 예방한다.,한 번에 하나의 스레드만 임계 구역에 진입할 수 있도록 하는 것이다.,일치,일치,0.6,없는 관계,없는 관계,,없는 관계,vote
g04,1,g04-1-04,OS-유저-레벨-스레드-커널-레벨-스레드,GIL,used_for,OS-Deadlock-Race-Condition,Race Condition,그래서 GIL은 **한 순간에 한 스레드만 바이트코드를 실행하도록 강제**함으로써 refcount의 race condition을 예방한다.,"**둘 이상의 프로세스 / 스레드**가 **공유 자원에 동시에 접근**하려고 경쟁해서, 실행 순서에 따라 결과가 예상치 않게 달라지는 버그나 상황",일치,일치,0.7,맞음,맞음,,맞음,vote
g04,1,g04-1-05,Ch 4 Threads 334d0523765981c084b6fc7db3f35264,Jacketing,used_for,OS-유저-레벨-스레드-커널-레벨-스레드,유저 레벨 스레드,"**Jacketing** → **블로킹 시스템 콜로 인해 전체 프로세스가 멈추지 않도록, 사용자 수준 스레드 라이브러리가 시스템 콜을 감싸서 제어한다.**","유저 스레드 하나가 **블로킹 시스템 콜을 호출**하면, 커널은 다른 유저 스레드를 인식하지 못하기 때문에 **프로세스 전체가 멈춘다**.",일치,일치,0.8,맞음,맞음,,맞음,vote
g04,1,g04-1-06,OS-유저-레벨-스레드-커널-레벨-스레드,threading 모듈,example_of,Ch 4 Threads 334d0523765981c084b6fc7db3f35264,KLT,"파이썬에서 멀티 스레드를 위해 threading 모듈을 사용하는데, 이는 커널 레벨 스레드이다.",**KLT**는 thread 관리가 **OS kernel**에서 이루어지는 방식이야.,일치,일치,0.7,맞음,맞음,,맞음,vote
g04,2,g04-2-01,OS-유저-레벨-스레드-커널-레벨-스레드,GIL,used_for,OS-Deadlock-Race-Condition,Race Condition,그래서 GIL은 **한 순간에 한 스레드만 바이트코드를 실행하도록 강제**함으로써 refcount의 race condition을 예방한다.,"**둘 이상의 프로세스 / 스레드**가 **공유 자원에 동시에 접근**하려고 경쟁해서, 실행 순서에 따라 결과가 예상치 않게 달라지는 버그나 상황",일치,일치,0.7,유형 틀림,맞음,,,
g04,2,g04-2-02,OS-Deadlock-Race-Condition,Mutex,used_for,Ch 4 Threads 334d0523765981c084b6fc7db3f35264,Thread Synchronization,한 번에 하나의 스레드만 임계 구역에 진입할 수 있도록 하는 것이다.,이런 문제를 다루는 게 Chapter 5의 주제(Mutual Exclusion 등)야.,일치,일치,0.7,근거 불일치,없는 관계,,,
g04,2,g04-2-03,DB-Isolation,DB 격리성 문제,example_of,OS-Deadlock-Race-Condition,Race Condition,"어떻게보면, 이 글의 내용은 **DB 버전의 race condition**을 다룬다.","**둘 이상의 프로세스 / 스레드**가 **공유 자원에 동시에 접근**하려고 경쟁해서, 실행 순서에 따라 결과가 예상치 않게 달라지는 버그나 상황",일치,일치,0.75,맞음,맞음,,맞음,vote
g04,2,g04-2-04,Ch 4 Threads 334d0523765981c084b6fc7db3f35264,은행 통장 인출 문제,example_of,OS-Deadlock-Race-Condition,Race Condition,이게 동기화가 안 되면 발생하는 **Race Condition** 문제지.,"**둘 이상의 프로세스 / 스레드**가 **공유 자원에 동시에 접근**하려고 경쟁해서, 실행 순서에 따라 결과가 예상치 않게 달라지는 버그나 상황",일치,일치,0.85,맞음,맞음,,맞음,vote
g04,2,g04-2-05,OS-유저-레벨-스레드-커널-레벨-스레드,threading 모듈,is_a,Ch 4 Threads 334d0523765981c084b6fc7db3f35264,KLT,"파이썬에서 멀티 스레드를 위해 threading 모듈을 사용하는데, 이는 커널 레벨 스레드이다.",**KLT**는 thread 관리가 **OS kernel**에서 이루어지는 방식이야.,일치,일치,0.85,맞음,맞음,,맞음,vote
g04,2,g04-2-06,Ch 4 Threads 334d0523765981c084b6fc7db3f35264,Jacketing,used_for,OS-유저-레벨-스레드-커널-레벨-스레드,유저 레벨 스레드,"**Jacketing** → **블로킹 시스템 콜로 인해 전체 프로세스가 멈추지 않도록, 사용자 수준 스레드 라이브러리가 시스템 콜을 감싸서 제어한다.**","유저 스레드 하나가 **블로킹 시스템 콜을 호출**하면, 커널은 다른 유저 스레드를 인식하지 못하기 때문에 **프로세스 전체가 멈춘다**.",일치,일치,0.65,맞음,맞음,,맞음,vote
g04,2,g04-2-07,DB-Isolation,MVCC,contrasts_with,OS-Deadlock-Race-Condition,Lock,사실 위의 격리 수준을 구현하기 위한 방법은 2가지가 있다; Lock 그리고 MVCC.,"스레드가 임계 구역에 진입하면 Lock, 임계 구역에서 나올 때 Unlock 함으로써 한 번에 한 스레드만 임계 구역에서 작업할 수 있게 하는 것이다.",일치,일치,0.6,없는 관계,맞음,,,
g05,1,g05-1-01,OverTheWire-Bandit-Level-13-Level-14,SSH 접속,requires,네트워크-비대칭키-암호화,공개키 암호화,Server가 가지고 있는 공개키로 암호화해서 Client에게 메세지를 보낸다.,"아래에서 자세히 서술하겠지만, 공개키를 사용해서 암호화를 하기 때문에 **공개키 암호화**라고도 한다.",일치,일치,0.85,맞음,맞음,,맞음,vote
g05,1,g05-1-02,OverTheWire-Bandit-Level-13-Level-14,SSH 접속,requires,네트워크-비대칭키-암호화,대칭키 암호화,한 쌍임이 확인되면 서로를 위한 대칭키를 만들어 통신한다.,"보내는 쪽과 받는 쪽, 둘이 **같은 키를 사용**하는 걸 대칭키 암호화라고 한다.",일치,일치,0.75,맞음,맞음,,맞음,vote
g05,2,g05-2-01,OverTheWire-Bandit-Level-13-Level-14,SSH 접속,requires,네트워크-비대칭키-암호화,공개키 암호화,Server가 가지고 있는 공개키로 암호화해서 Client에게 메세지를 보낸다.,"아래에서 자세히 서술하겠지만, 공개키를 사용해서 암호화를 하기 때문에 **공개키 암호화**라고도 한다.",일치,일치,0.8,맞음,맞음,,맞음,vote
g05,2,g05-2-02,OverTheWire-Bandit-Level-13-Level-14,SSH 접속,requires,네트워크-비대칭키-암호화,대칭키 암호화,한 쌍임이 확인되면 서로를 위한 대칭키를 만들어 통신한다.,"보내는 쪽과 받는 쪽, 둘이 **같은 키를 사용**하는 걸 대칭키 암호화라고 한다.",일치,일치,0.75,맞음,맞음,,맞음,vote
g05,2,g05-2-03,OverTheWire-Bandit-Level-13-Level-14,Client는 자신이 가지고 있는 개인키로 복호화,example_of,네트워크-비대칭키-암호화,비대칭키 암호화,Client는 자신이 가지고 있는 개인키로 복호화해서 Server에게 보낸다.,공개키에 대응되는 개인키를 가지고 있는 사람만이 복호화를 할 수 있기 때문에 대칭키 암호화에 비해 안전하다.,일치,일치,0.6,맞음,맞음,,맞음,vote
